usuario,comentario,upvotes,subreddit,fecha
u/samba_king99,"Brasil es diferente a todos. Vinicius Jr en su mejor momento, Rodrygo imparable y una defensa que por fin es sólida. Mi dinero está en Brasil levantando el trofeo.",2847,r/FIFAWorldCup,2026-05-10
u/football_fanatic88,"Brasil no gana desde 2002. Siempre se derrumban en las semifinales. Buen equipo pero mentalmente se caen a pedazos bajo presión.",1203,r/soccer,2026-05-11
u/worldcupwatcher,"Honestamente Brasil es el equipo más completo. Ataque, mediocampo, defensa — todo de primer nivel. Difícil apostar contra ellos.",3102,r/worldcup2026,2026-05-12
u/tactics_nerd,"El juego de presión de Brasil bajo este nuevo técnico es increíble. Presionan alto, recuperan rápido y Vini Jr genera caos cada vez que toca el balón.",987,r/football,2026-05-13
u/upset_special,"Cada torneo Brasil es el favorito y cada torneo decepciona. Lo creeré cuando lo vea.",1567,r/soccer,2026-05-14
u/goalscorer2026,"Vinicius Jr contra Mbappé en la final sería la final de Mundial más grande de la historia. Brasil lo hace posible.",2341,r/FIFAWorldCup,2026-05-15
u/latam_football,"Brasil tiene el plantel más talentoso pero el talento solo no gana Mundiales. El 7-1 de Alemania lo demostró.",889,r/worldcup2026,2026-05-16
u/socceranalyst,"La profundidad del plantel de Brasil es una locura. Hasta sus suplentes serían titulares en la mayoría de selecciones.",1456,r/football,2026-05-17
u/copa_dreams,"He visto todos los Mundiales desde 1990. Brasil 2026 me recuerda al equipo de 1970. Una generación especial.",2109,r/FIFAWorldCup,2026-05-18
u/skeptic_fan,"Brasil siempre sobrevalorado. Van a perder en penales en cuartos como siempre jajaja",1834,r/soccer,2026-05-19
u/les_bleus_forever,"Francia tiene a Mbappé en su mejor momento absoluto. Cuando está motivado y el equipo juega para él, nadie puede pararlos. Francia gana 2026.",3456,r/FIFAWorldCup,2026-05-10
u/euro_football_guy,"Francia ganó en 2018, casi gana en 2022. Este es su tercer territorio de final consecutiva. Saben cómo ganar.",2234,r/football,2026-05-11
u/mbappe_critic,"Mbappé es increíble pero Francia depende demasiado de él. Si se lesiona o lo anulan, no tienen un plan B.",1678,r/soccer,2026-05-12
u/tactical_breakdown,"El mediocampo de Francia es su debilidad. Sin un motor fuerte en el centro les cuesta controlar partidos contra los mejores.",1122,r/worldcup2026,2026-05-13
u/worldcup_history,"Francia en 2026 = Francia en 1998 + 2018. Dominante, física, y tienen al mejor jugador del mundo. Ellos ganan.",2876,r/FIFAWorldCup,2026-05-14
u/neutral_observer,"Si Mbappé tiene un torneo como el que tuvo en 2022, Francia gana fácil. Está en otro nivel simplemente.",1987,r/soccer,2026-05-15
u/dressing_room_issues,"El drama en el vestuario de Francia nunca termina. Son talentosos pero la química del equipo siempre es una interrogante.",2103,r/football,2026-05-16
u/french_football_fan,"Giroud retirado, Benzema se fue, pero Francia sigue teniendo más calidad que el 90% de los equipos. Estarán en la final.",987,r/worldcup2026,2026-05-17
u/stats_guy_reddit,"Los goles esperados de Francia en la clasificación fueron los más altos de Europa. Los datos dicen Francia.",1345,r/FIFAWorldCup,2026-05-18
u/upset_hunter,"Francia siempre parece rendir por debajo de su talento. Tienen los jugadores pero no siempre el equipo.",1567,r/soccer,2026-05-19
u/albiceleste_fan,"Argentina acaba de ganar en 2022 con Messi. Ahora Messi se retiró pero la nueva generación tiene hambre y está motivada. Mi apuesta oscura.",1876,r/football,2026-05-10
u/post_messi_era,"Argentina sin Messi es simplemente... Argentina. Buen equipo, no un dominador mundial. No van a repetir.",2345,r/worldcup2026,2026-05-11
u/copa_america_watcher,"Argentina tiene talento joven increíble surgiendo. El plantel se está reconstruyendo pero la mentalidad ganadora de 2022 permanece.",1234,r/FIFAWorldCup,2026-05-12
u/realistic_fan,"Argentina ganó con Messi cargando al equipo. Sin él son quizás un equipo de cuartos de final en el mejor caso.",1987,r/soccer,2026-05-13
u/south_american_pov,"El espíritu del equipo de 2022 sigue vivo. Argentina juega con corazón y unido. No los descarten.",876,r/football,2026-05-14
u/football_realist,"Perder a Messi es perder el 40% del equipo. Así de simple. Argentina podría no pasar ni la fase de grupos.",1456,r/worldcup2026,2026-05-15
u/tiki_taka_lives,"La nueva generación de España es la mejor que han tenido desde la era dorada. Yamal, Pedri, Gavi — esto es una dinastía en construcción.",2654,r/FIFAWorldCup,2026-05-10
u/euro_2024_memory,"España ganó la Euro 2024 y sigue mejorando. Este equipo juega fútbol hermoso y gana trofeos. Mi favorito.",3123,r/soccer,2026-05-11
u/spain_skeptic,"España siempre juega fútbol increíble pero le cuesta ganar torneos contra los mejores. Belleza contra efectividad.",987,r/football,2026-05-12
u/lamine_yamal_fan,"Lamine Yamal con 18 años en un Mundial. Va a ser el mejor jugador del mundo y lo va a demostrar en 2026.",2987,r/FIFAWorldCup,2026-05-13
u/possession_football,"España controla los partidos mejor que nadie. Su juego de posesión es una forma de asfixia. No te dejan jugar.",1765,r/worldcup2026,2026-05-14
u/defensive_concern,"La defensa de España sigue siendo vulnerable ante la velocidad y el juego directo. Brasil o Francia con delanteros rápidos los van a exponer.",1234,r/soccer,2026-05-15
u/european_football,"España tiene el mejor mediocampo del mundo. Pedri y Gavi son talentos generacionales. España gana 2026.",2109,r/football,2026-05-16
u/tournament_experience,"España son especialistas en torneos. Saben cómo alcanzar su mejor nivel en el momento justo. No subestimen a España.",1876,r/FIFAWorldCup,2026-05-17
u/football_coming_home,"Inglaterra tiene una generación dorada y el Mundial es en Norteamérica. Gran público, gran atmósfera. El fútbol vuelve a casa.",2876,r/soccer,2026-05-10
u/england_pain,"Inglaterra va a cagarla. Siempre la cagan. Eliminación en semifinales garantizada. Ya he visto esta película.",3456,r/worldcup2026,2026-05-11
u/three_lions_believer,"Bellingham, Saka, Foden — Inglaterra tiene un talento ofensivo increíble. Esta vez es diferente.",1234,r/football,2026-05-12
u/penalty_trauma,"Inglaterra en los penales es una película de terror. No importa lo bueno que sea su plantel.",2876,r/FIFAWorldCup,2026-05-13
u/england_optimist,"Inglaterra ha estado cerca tantas veces. 2026 es su año. El nuevo técnico va a conseguir lo que Southgate no pudo.",987,r/soccer,2026-05-14
u/premier_league_fan,"La Premier League es la mejor del mundo pero los jugadores ingleses no trasladan eso al nivel internacional. Cosa rara.",1567,r/worldcup2026,2026-05-15
u/der_bomber,"Alemania reconstruyendo después de sus desastres. Nueva generación de jugadores, nueva filosofía. Pueden sorprender a todos en 2026.",1345,r/football,2026-05-16
u/german_football_sad,"Alemania campeón 2014, eliminada en grupos 2018, eliminada en grupos 2022. Están perdidos. No están listos para 2026.",1987,r/FIFAWorldCup,2026-05-17
u/comeback_kings,"Nunca descarten a Alemania. Siempre encuentran la manera de ser competitivos en Mundiales. La reconstrucción lleva tiempo.",876,r/soccer,2026-05-18
u/post_ronaldo_portugal,"Portugal con Ronaldo a los 41 es un lastre. Sin él en realidad son un mejor equipo. Bruno Fernandes puede liderarlos.",1234,r/worldcup2026,2026-05-10
u/ronaldo_defender,"Ronaldo sigue anotando en partidos grandes. No lo descarten. Portugal tiene una oportunidad real si el equipo juega unido.",987,r/football,2026-05-11
u/portugese_talent,"Joao Felix, Cancelo, Rafael Leao — Portugal tiene un talento inmenso más allá de Ronaldo. Verdadero caballo negro.",1456,r/FIFAWorldCup,2026-05-12
u/neutral_prediction,"Mi final cuatro: Brasil, Francia, España, Inglaterra. Ganador: Brasil. Cámbienme la mente.",4123,r/soccer,2026-05-13
u/upset_predictor,"Todo el mundo ignorando a Marruecos. Impresionaron al mundo en 2022. Los equipos africanos son cada vez más fuertes.",2345,r/worldcup2026,2026-05-14
u/data_driven_fan,"Basándome puramente en el ranking FIFA y forma reciente: Francia, Brasil y España son los 3 principales candidatos. Todo lo demás es ruido.",1876,r/football,2026-05-15
u/host_advantage,"EE.UU. como anfitrión significa público masivo, programación favorable y momentum. Podrían ser un caballo negro en casa.",2109,r/FIFAWorldCup,2026-05-16
u/copa_sudamerica,"El fútbol sudamericano está de vuelta. Brasil Y Argentina en las semis. Lo digo ahora.",987,r/soccer,2026-05-17
u/cynical_football,"El Mundial lo deciden las lesiones y la suerte tanto como la habilidad. Cualquiera de los 8 mejores equipos puede ganarlo.",3456,r/worldcup2026,2026-05-18
u/golden_generation,"Este Mundial tiene el talento más grande jamás reunido. Vamos a ver fútbol increíble. Estoy muy emocionado.",5234,r/football,2026-05-19
u/who_actually_wins,"Cada 4 años todos dicen Brasil, Francia o Alemania. Luego Portugal, Croacia o Marruecos arruinan todo. Amo este deporte.",4567,r/FIFAWorldCup,2026-05-20
u/football_philosopher,"La belleza del Mundial es la imprevisibilidad. Por eso lo miramos. Cualquier equipo puede ganarle a cualquiera en cualquier día.",3876,r/soccer,2026-05-21
u/stats_predictor_2026,"Estadísticamente, el equipo que controla la posesión y tiene más remates al arco gana. Eso es España o Brasil.",2123,r/worldcup2026,2026-05-22
u/set_pieces_matter,"En el fútbol de eliminación, los tiros a balón parado ganan torneos. Inglaterra y Francia son los mejores en eso. Uno de ellos gana.",1345,r/football,2026-05-23
u/south_american_bias,"Los equipos europeos han ganado los últimos 4 Mundiales. El balance de poder ha cambiado. Sudamérica quiere recuperarlo.",2876,r/FIFAWorldCup,2026-05-10
u/mbappe_vs_vini,"La verdadera final es Mbappé contra Vinicius Jr. Francia contra Brasil. Ese es el partido que todos quieren ver.",4321,r/soccer,2026-05-11
u/tired_of_favorites,"Estoy hinchando por Senegal, Japón o Marruecos. Ya es hora de un nuevo campeón fuera de Europa y Sudamérica.",2987,r/worldcup2026,2026-05-12
u/young_talent_watch,"Los jugadores jóvenes de este Mundial van a definir la próxima década del fútbol. Torneo generacional.",1876,r/football,2026-05-13
u/brazil_curse,"2002 fue hace 24 años. Una generación entera de hinchas brasileños nunca vio a su equipo ganar. El hambre es real.",2456,r/FIFAWorldCup,2026-05-14
u/france_experience,"Francia ha estado en finales y semifinales de manera consistente. Tienen la experiencia en partidos grandes que importa en torneos.",1987,r/soccer,2026-05-15
u/spain_youth,"La edad promedio de España es la más joven de todos los candidatos. Jóvenes, sin miedo, técnicamente brillantes. Es su momento.",2345,r/worldcup2026,2026-05-16
u/england_history,"Inglaterra inventó el fútbol y ganó el único Mundial que han ganado en 1966. En 2026 en suelo norteamericano, la historia se repite.",1123,r/FIFAWorldCup,2026-05-17
u/argentina_heart,"Argentina juega con una pasión y emoción que ningún otro equipo tiene. Ese elemento intangible gana partidos en la eliminatoria.",1567,r/soccer,2026-05-18
u/germany_structure,"Alemania es la nación de fútbol más estructuralmente organizada. Sus reconstrucciones siempre terminan en éxito. Ojo con ellos.",987,r/worldcup2026,2026-05-19
u/pressure_moments,"Cuando más importa, Brasil y Francia siempre parecen aparecer. Planteles grandes, mentalidad grande, momentos grandes.",2109,r/football,2026-05-20
u/dark_horse_alert,"No subestimen a Japón. Le ganaron a Alemania y España en 2022. Solo están mejorando. Mínimo cuartos de final.",3123,r/FIFAWorldCup,2026-05-21
u/penalty_kings,"Siempre termina en penales en los torneos grandes. Brasil, Francia e Inglaterra tienen los nervios para eso. Los demás se quiebran.",987,r/soccer,2026-05-22
